comparison	group_1	group_2	fisher_p_detection	wilcoxon_p_log1p_cp10k	group_1_detection_pct	group_2_detection_pct	group_1_mean_log1p_cp10k	group_2_mean_log1p_cp10k	fisher_fdr_detection	wilcoxon_fdr_log1p_cp10k
Primary normal epithelial vs Tumor intestinal patient	Primary normal epithelial	Tumor intestinal patient	6.305818536251755e-10	2.98111557056697e-10	14.237422946907936	11.047535211267606	0.10491670120351158	0.08110871984643565	9.458727804377631e-10	4.4716733558504545e-10
Primary normal epithelial vs Tumor diffuse patient	Primary normal epithelial	Tumor diffuse patient	3.071214313446922e-20	6.93080393447769e-20	14.237422946907936	7.779097387173397	0.10491670120351158	0.05332851898211105	9.213642940340766e-20	2.079241180343307e-19
Tumor intestinal patient vs Tumor diffuse patient	Tumor intestinal patient	Tumor diffuse patient	3.563384883635476e-09	6.2976913462462374e-09	11.047535211267606	7.779097387173397	0.08110871984643565	0.05332851898211105	3.563384883635476e-09	6.297691346246238e-09
