comparison	group_1	group_2	n_patients_group_1	n_patients_group_2	mannwhitney_p_detection_pct	mannwhitney_p_mean_log1p_cpm	median_detection_pct_group_1	median_detection_pct_group_2	median_mean_log1p_cpm_group_1	median_mean_log1p_cpm_group_2	fdr_detection_pct	fdr_mean_log1p_cpm
Primary normal epithelial vs Tumor intestinal patient	Primary normal epithelial	Tumor intestinal patient	5	14	0.18593051255589957	0.2192982456140351	16.41025641025641	6.776355880560635	0.09806051178761992	0.06019087104575409	0.27889576883384937	0.32894736842105265
Primary normal epithelial vs Tumor diffuse patient	Primary normal epithelial	Tumor diffuse patient	5	6	0.17748917748917747	0.12554112554112554	16.41025641025641	6.325069483046137	0.09806051178761992	0.04601406633678844	0.27889576883384937	0.32894736842105265
Tumor intestinal patient vs Tumor diffuse patient	Tumor intestinal patient	Tumor diffuse patient	14	6	0.5466460268317854	0.49396284829721365	6.776355880560635	6.325069483046137	0.06019087104575409	0.04601406633678844	0.5466460268317854	0.49396284829721365
