comparison	group_1	group_2	fisher_p_detection	wilcoxon_p_expression_among_kcnq1_positive	group_1_detection_pct	group_2_detection_pct	group_1_mean_log1p_cpm_among_positive	group_2_mean_log1p_cpm_among_positive	fisher_fdr_detection	wilcoxon_fdr_expression_among_kcnq1_positive
Primary normal epithelial vs Tumor intestinal patient	Primary normal epithelial	Tumor intestinal patient	6.226694487943312e-05	0.8839528929429405	14.251781472684085	10.985748218527316	0.7521710301209733	0.7730833797971081	6.226694487943312e-05	0.8839528929429404
Primary normal epithelial vs Tumor diffuse patient	Primary normal epithelial	Tumor diffuse patient	1.9016970338275693e-17	0.03328032676320572	14.251781472684085	7.779097387173397	0.7521710301209733	0.6855360760753819	5.705091101482707e-17	0.06104769385810139
Tumor intestinal patient vs Tumor diffuse patient	Tumor intestinal patient	Tumor diffuse patient	7.448620377022134e-06	0.04069846257206759	10.985748218527316	7.779097387173397	0.7730833797971081	0.6855360760753819	1.11729305655332e-05	0.06104769385810139
