gene	test	patient_stratified	patients	odds_ratio	p_value	FDR	Diffuse/EMT-like	Intestinal-like	detection_difference
KCNE2	Fisher exact test	FALSE	20	5.39670833140489	3.46314242274162e-17	3.46314242274162e-17	0.00790678318768206	0.0412470023980815	0.0333402192103995
KCNE3	Fisher exact test	FALSE	20	6.42963364011674	9.00928504818299e-123	1.35139275722745e-122	0.0574282147315855	0.281534772182254	0.224106557450669
KCNQ1	Fisher exact test	FALSE	20	20.3878609753901	2.3568006301776e-178	7.07040189053279e-178	0.0166458593424886	0.256594724220624	0.239948864878135
